name,latitude,longitude,has_ebikes,free_bikes,renting,returning,slots
Cégep Marie-Victorin,45.617499783128075,-73.60601127147675,True,8,1,1,11
Gare d'autocars de Montréal (Berri / Ontario),45.516926210319546,-73.56425732374191,True,6,1,1,15
Ateliers municipaux de St-Laurent (Cavendish / Poirier),45.506175841460966,-73.71118605136871,True,10,1,1,17
Place Rodolphe-Rousseau (Gohier / Édouard-Laurin),45.5129938566323,-73.68249848484993,True,14,1,1,25
Centre des loisirs (Tassé / Grenet),45.51473429416659,-73.69144901633263,True,4,1,1,15
Parc Marlborough (Beauzèle / Robichaud),45.52234149817879,-73.72167885303497,True,13,1,1,15
Champdoré / de Lorimier,45.566869345371856,-73.64101678133011,True,2,1,1,15
Parc Villeray (Christophe-Colomb / Jarry),45.54813638885782,-73.62434014678001,True,12,1,1,15
Beurling / Godin,45.44791581215845,-73.58381867408752,True,7,1,1,19
Kirkfield / de Chambois,45.51293324107222,-73.63389015197754,True,13,1,1,27
Parc des Rapides (LaSalle / 6e avenue),45.42947143740888,-73.59309915918857,True,3,1,1,23
Métro Longueuil - Université de Sherbrooke,45.52331869398737,-73.52012693881989,True,31,1,1,35
St-Charles / Montarville,45.53368199320325,-73.51526074111462,True,9,1,1,15
Collège Édouard-Montpetit (de Gentilly / de Normandie),45.53722603812578,-73.49506705999374,True,10,1,1,18
Place Longueuil,45.52841043752244,-73.51716578006744,True,10,1,1,15
Place du Commerce,45.46714,-73.54259,True,4,1,1,33
Marché Maisonneuve,45.55321884238814,-73.53978216648102,True,11,1,1,22
Parc Kent (de Kent / Hudson),45.5057209331225,-73.62945914268494,True,10,1,1,27
Rachel / de Brébeuf,45.52689,-73.57264,True,1,1,1,29
Aréna Rodrigue-Gilbert (du Tricentenaire / de Montigny),45.65140583915357,-73.50041270256041,True,8,1,1,15
Parc St-Laurent (Salk / Thomas-Chapais),45.6062348,-73.6287838,True,10,1,1,19
Notre-Dame / St-Gabriel,45.50714391928411,-73.55511903762817,True,1,1,1,15
Casino de Montréal,45.5063732,-73.52457672,True,19,1,1,34
La Ronde,45.52156536710626,-73.53533238172531,True,10,1,1,23
U. Concordia - Campus Loyola (Sherbrooke / West Broadway),45.45750908083069,-73.6394852399826,True,5,1,1,27
Parc Labelle (LaSalle / Henri-Duhamel),45.47256100297732,-73.56998920440674,True,17,1,1,19
des Ormeaux / de Grosbois,45.605901731906485,-73.53436946868896,True,7,1,1,15
Parc Reine-Élizabeth (Penniston / Crawford),45.43914465255811,-73.59173655509949,True,6,1,1,15
Parc de la Confédération (Fielding / West Hill),45.471881993586074,-73.64002168178558,True,15,1,1,23
Bibliothèque d'Ahuntsic (Lajeunesse / Fleury),45.5534000891078,-73.66225451231003,True,10,1,1,15
Centre ÉPIC (St-Zotique / 40e avenue),45.57414703721992,-73.57462137937546,True,2,1,1,23
Bélanger / des Galeries d'Anjou,45.59722114932571,-73.56279015541077,True,11,1,1,19
Cité des Arts du Cirque (Paul Boutet / des Regrattiers),45.55984236120471,-73.61544728279114,True,6,1,1,34
Rosemont / Viau,45.56833021674857,-73.56666326522826,True,6,1,1,23
Parc Stoney-Point (St-Joseph / 47e avenue),45.43656827071224,-73.70836973190308,True,15,1,1,19
Parc LaSalle (10e avenue / Victoria),45.43805550384184,-73.67273926734924,True,7,1,1,19
Elgar / de l'Île-des-Sœurs,45.45682318753668,-73.546804189682,True,12,1,1,14
St-Jacques / des Seigneurs,45.489185716082275,-73.57190027832984,True,8,1,1,23
O'Brien / Poirier,45.52252484113786,-73.69143962860107,True,6,1,1,23
Thimens / Alexis-Nihon,45.50897852206792,-73.69856357574463,True,9,1,1,27
Parc Van Horne (de la Peltrie / de Westbury),45.490494421832885,-73.63852232694626,True,5,1,1,15
Hôpital Sacré-Coeur (Forbes),45.531943590076395,-73.71360540390015,True,4,1,1,13
Atwater / Greene,45.480495143306044,-73.57782661914825,True,9,1,1,25
Atwater / Sherbrooke,45.4912258547597,-73.58763009309769,True,17,1,1,23
Mairie d'arrondissement Montréal-Nord (Hébert / de Charleroi),45.59398503487043,-73.63767206668854,True,5,1,1,21
Omer-Lavallée / du Midway,45.5457759528664,-73.56217458844185,True,8,1,1,18
Parc Noel-Nord (Toupin / Keller),45.51758306374252,-73.72661411762238,True,8,1,1,19
Parc du Bois-Franc (de l'Équateur / des Andes),45.51317758246596,-73.71306091547012,True,7,1,1,19
Parc Grovehill (St-Antoine / Ivan-Franko),45.43982382100397,-73.69487822055817,True,6,1,1,15
Bibliothèque Jean-Corbeil (Goncourt / Place Montrichard),45.6027276,-73.5579303,True,7,1,1,11
Aréna Chaumont (Chaumont / des Ormeaux),45.610926628992026,-73.54673445224762,True,12,1,1,19
Parc Chamberland (Dorais / de l'Église),45.502989,-73.689113,True,11,1,1,19
Parc Summerlea (53e avenue / St-Joseph),45.43836713933041,-73.71546685695648,True,6,1,1,15
Parc Kirkland (des Érables / Boyer),45.44606092178209,-73.65079946815968,True,4,1,1,15
William / Robert-Bourassa,45.49716534003792,-73.55933010578154,True,13,1,1,21
Quai de la navette fluviale,45.51366626207095,-73.53842496871948,True,17,1,1,19
St-Antoine / de la Montagne,45.49537171535007,-73.56858909130096,True,12,1,1,19
Lapierre / Serge,45.43854405099729,-73.62021625041962,True,4,1,1,15
Parc St-Louis (St-Joseph / 34e avenue),45.432839840726125,-73.69349151849747,True,17,1,1,27
Victoria / 18e avenue Lachine,45.43579350588776,-73.6801904439926,True,9,1,1,15
Métro Jolicoeur (de Sève / Drake),45.45608545783109,-73.58193710446358,True,4,1,1,19
Duchesneau / de Marseille,45.60962627826218,-73.52273898082785,True,4,1,1,19
Papineau / Émile-Journault,45.55988367688166,-73.63356828689575,True,24,1,1,35
LaSalle / Godin,45.44693448484644,-73.57219934463501,True,9,1,1,27
Parc Delorme (Malouin / Laferté),45.5904902,-73.5902694,True,13,1,1,19
Parc Luigi-Pirandello (de Bretagne / Jean-Rivard),45.57940569041942,-73.60258877277374,True,7,1,1,15
Parc Beaulac (rue Élizabeth),45.5200557245067,-73.67795147001743,True,5,1,1,15
Parc St-Laurent (Dutrisac),45.52591381815231,-73.68911147117615,True,5,1,1,19
CHSLD St-Michel (8e avenue / Jarry),45.5616903,-73.610512,True,1,1,1,15
Georges-Vanier / Notre-Dame,45.485047979822774,-73.5719633102417,True,8,1,1,19
Travaux publics LaSalle (Cordner / Léger),45.44527192876118,-73.62448364496231,True,7,1,1,15
Parc de Dieppe,45.501863463435576,-73.5439610481262,True,14,1,1,35
Terminus Newman (Airlie / Lafleur),45.425059666150744,-73.64959917962551,True,13,1,1,19
Newman / Senkus,45.44404309237571,-73.61375212669373,True,14,1,1,19
St-Urbain / René-Lévesque,45.507837541505836,-73.56313616037369,True,27,1,1,33
de Maisonneuve / Aylmer (est),45.50538591756765,-73.5704317688942,True,18,1,1,21
Smith / Peel,45.49276061084002,-73.55641052126883,True,18,1,1,19
de la Commune / King,45.49750375338383,-73.55284452438353,True,2,1,1,71
de la Commune / Place Jacques-Cartier,45.50761009451047,-73.55183601379395,True,16,1,1,81
de la Commune / St-Sulpice,45.50424245563397,-73.553469479084,True,11,1,1,43
Chabanel / du Parc,45.53830765459552,-73.6548838019371,True,1,1,1,30
Ottawa / William,45.48972725318433,-73.56406286358833,True,10,1,1,15
de la Commune / Berri,45.51086,-73.54983,True,15,1,1,51
Berlioz / de l'Île des Soeurs,45.45998577640931,-73.54395568370819,True,11,1,1,23
Parc Benny (Benny / de Monkland),45.46693565237702,-73.63153114914894,True,14,1,1,23
Cégep André-Laurendeau (Lapierre),45.43605512104547,-73.60577523708344,True,5,1,1,30
Métro Henri-Bourassa (Henri-Bourassa / Millen),45.55675103297278,-73.66716161370277,True,3,1,1,16
Dixie / 54e avenue,45.44338026469991,-73.71789157390594,True,12,1,1,19
LaSalle / 90e avenue,45.41774583815495,-73.64518761634827,True,9,1,1,15
Métro de la Concorde (Léo-Lacombe),45.5604898518365,-73.7091851234436,True,5,1,1,19
Calixa-Lavallée / Rachel,45.527831544563064,-73.5719096660614,True,0,1,1,30
Parc du Mail (Bois de Coulonges / du Mail),45.59833498124187,-73.54596734046936,True,12,1,1,15
Marché Jean-Talon (Casgrain / Shamrock),45.53519006163501,-73.61548215150833,True,3,1,1,26
HEC (Decelles / Jean-Brillant),45.497722829899764,-73.61925333738327,True,2,1,1,25
Fabrik8 (Waverly / Jean-Talon),45.53330725719417,-73.62082242965698,True,3,1,1,18
Parc Courbertin (Valéry / Perrier),45.5839877335556,-73.60809333622456,True,0,1,1,19
Parc Hébert (Colbert / Provencher),45.57237805962001,-73.59370462596415,True,2,1,1,15
Parc Garibaldi (Liénart / Bélanger),45.586476480180046,-73.570396900177,True,12,1,1,15
Parc Aimé-Léonard (Gouin / Ste-Gertrude),45.60835820969716,-73.63850623369217,True,12,1,1,17
Parc Charleroi (Alfred / Louis-Francoeur),45.59953472156509,-73.62360253930092,True,4,1,1,15
Parc Maurice-Bélanger (Hébert / Denommée),45.5877138098252,-73.63171823322773,True,4,1,1,15
Gare St-Michel / Montréal-Nord (Pie-IX / 56e),45.583197821913785,-73.62978704273701,True,8,1,1,15
CÉGEP du Vieux-Montréal (Ontario / de l'Hôtel-de-Ville),45.51401222645779,-73.56598667800426,True,8,1,1,15
Parc Jeanne-Mance (du Mont-Royal / du Parc),45.51689731423111,-73.58910799026489,True,20,1,1,33
Léa-Roback / Sir-Georges-Etienne-Cartier,45.472051276471305,-73.5827162861824,True,5,1,1,34
Parc Eusèbe-Ménard (Gouin / St-Vital),45.59253950875074,-73.64874824881554,True,9,1,1,18
St-Hubert / de Maisonneuve (sud),45.51586835126322,-73.56008380651474,True,10,1,1,19
CHSLD Joseph-François-Perrault (St-Michel / Everett),45.55969734528566,-73.60145956277847,True,9,1,1,18
Mairie d'arrondissement St-Laurent (Beaudet / Marcel-Laurin),45.50682415585665,-73.68184804916382,True,10,1,1,27
Gare Montpellier (Muir / de la Côte-Vertu),45.52374047147138,-73.67169924080372,True,9,1,1,15
Gare du Ruisseau (Dutrisac / Henri-Bourassa),45.52814371649508,-73.69254536926746,True,17,1,1,19
Bibliothèque du Vieux-St-Laurent (de l'Église / Filiatrault),45.512843286755896,-73.67612421512604,True,3,1,1,18
CHSLD Robert Cliche (de Bellechasse / 16e avenue),45.557568,-73.579191,True,4,1,1,15
Parc Ottawa (de Belleville / Fleury),45.58116,-73.6412434,True,10,1,1,15
Parc Nicolas-Tillemont (des Érables / Villeray),45.55463653358596,-73.61255215771962,True,12,1,1,18
Métro Viau (Viau / Pierre-de-Coubertin),45.563084167155345,-73.5481941328544,True,29,1,1,55
Parc Armand-Bombardier (Perras / Armand-Bombardier),45.6391233,-73.5961118,True,9,1,1,15
Collège de Rosemont (Beaubien / 15e avenue),45.55774990838239,-73.58380123972893,True,0,1,1,26
McTavish / Sherbrooke,45.50277615861811,-73.57589408755302,True,2,1,1,46
de Bleury / de Maisonneuve,45.507096455662456,-73.56844156980515,True,16,1,1,21
de Maisonneuve / Aylmer (ouest),45.505173440423306,-73.5706517100334,True,29,1,1,37
Préfontaine / Marcel-Pépin,45.54365380040509,-73.55942063033581,True,2,1,1,19
Métro Atwater (Atwater / Ste-Catherine),45.48952522221574,-73.5844581949641,True,23,1,1,35
Hochelaga / de l'Assomption,45.566883091095185,-73.53943817317486,True,6,1,1,23
Bassin olympique (Chemin du Chenal le Moyne),45.5169025120042,-73.52724552154541,True,5,1,1,19
Parc Wilfrid-Bastien (Lacordaire / des Galets),45.5864002,-73.5952181,True,7,1,1,19
de Chambly / de Rouen,45.54710313981358,-73.54892447590828,True,9,1,1,11
BAnQ (Berri),45.51601387670667,-73.56291957199574,True,11,1,1,15
Parc Ernest-Rouleau (Gouin),45.63131269772338,-73.61631497740746,True,14,1,1,19
Hôpital Général Juif (de la Côte-Ste-Catherine / Légaré),45.49624140543275,-73.62983867526054,True,2,1,1,26
CHU Ste-Justine (de la Côte Ste-Catherine / Hudson),45.50398168549117,-73.62283945083618,True,0,1,1,37
Parc Honoré-Mercier (Notre-Dame / Liébert),45.59275253568305,-73.51035632193089,True,18,1,1,27
Keller / Cousineau,45.52355020292929,-73.7138856947422,True,5,1,1,15
Parc d'Antioche (Place d'Antioche / St-Zotique),45.59566584124368,-73.5596626996994,True,17,1,1,19
Gare Lachine (Sir George Simpson / 48e avenue),45.447821314280105,-73.71091783046722,True,0,1,1,15
de Gaspé / Marmier,45.529668174024685,-73.60166944563389,True,6,1,1,21
Grenet / Poirier,45.51871924623225,-73.69875401258469,True,2,1,1,15
IUSMM (Georges-Villeneuve),45.58661042838809,-73.52969169616699,True,14,1,1,27
Square Nelligan (des Appalaches / Alexis-Nihon),45.51431824920811,-73.70799824595451,True,5,1,1,15
Parc MacDonald (Clanranald / Isabella),45.48274245886277,-73.63497912883759,True,5,1,1,15
La Tour de Montréal (Pierre-de-Coubertin / Bennett),45.55970526805903,-73.55155438184738,True,0,1,1,25
St-Antoine / 19e avenue,45.43993803436114,-73.68146234754022,True,2,1,1,15
Messier / St-Joseph,45.53946063965585,-73.57605636119843,True,6,1,1,17
Square Viger (Berri / Viger),45.5121682576952,-73.55481594800949,True,14,1,1,30
Dorion / Ontario,45.526991277453526,-73.55821162462234,True,17,1,1,35
Larivière / de Lorimier,45.5291345371163,-73.55923354625702,True,18,1,1,39
Viger / Chenneville,45.50531166520915,-73.56089115142822,True,22,1,1,34
René-Lévesque / Papineau,45.52097057660443,-73.5499919950962,True,1,1,1,29
Logan / Fullum,45.52836601591233,-73.55117082595825,True,7,1,1,19
Joseph-Manseau / René-Lévesque,45.491686521008035,-73.57676714658737,True,10,1,1,19
Logan / d'Iberville,45.53061161207863,-73.54911457747221,True,12,1,1,19
du Havre / de Rouen,45.53456256501449,-73.55478646466509,True,15,1,1,27
Square Victoria (Viger / du Square-Victoria),45.50206,-73.56295,True,16,1,1,19
Métro Peel (de Maisonneuve / Stanley),45.50038,-73.57507,True,23,1,1,49
St-Antoine / St-François-Xavier,45.50459069556304,-73.55918794870377,True,9,1,1,18
Métro Place-d'Armes (Viger / St-Urbain),45.50631445605528,-73.55967122894072,True,26,1,1,29
Métro Laurier (Berri / Laurier),45.52809995527671,-73.58843871625139,True,1,1,1,23
St-Hubert / de Maisonneuve (nord),45.51613214980722,-73.56049686670303,True,20,1,1,23
de Rouen / Lespérance,45.538859462962286,-73.5528177022934,True,6,1,1,23
Calixa-Lavallée / Sherbrooke,45.52479,-73.56545,True,6,1,1,19
St-Hubert / Duluth,45.522425652788634,-73.57418417930603,True,18,1,1,23
de Bullion / du Mont-Royal,45.52141314643908,-73.58498811721802,True,0,1,1,19
de Lanaudière / Laurier,45.5333136054992,-73.58373686671257,True,0,1,1,23
Laval / Duluth,45.51922631024093,-73.57718793155072,True,14,1,1,23
Vallières / St-Laurent,45.518967223320054,-73.5836161673069,True,4,1,1,23
Duluth / de l'Esplanade,45.515132275425785,-73.58105599880219,True,12,1,1,23
Hogan / Ontario,45.535295480380306,-73.55116009712219,True,2,1,1,11
la Fontaine / Alexandre-de-Sève,45.52330366033427,-73.55799973011017,True,17,1,1,19
Ste-Catherine / Union,45.50373771539475,-73.56948494911194,True,3,1,1,34
Chabot / Mont-Royal,45.53413436610844,-73.57352435588837,True,0,1,1,23
Gauthier / Papineau,45.52966629503036,-73.56733649969101,True,12,1,1,23
Messier / du Mont-Royal,45.53711414,-73.5710031,True,6,1,1,23
Laval / du Mont-Royal,45.5223645775784,-73.58414590358734,True,1,1,1,15
Jeanne-Mance / Sherbrooke,45.50928678961862,-73.57101917266846,True,14,1,1,25
Métro Laurier (Berri / St-Joseph),45.52723106564012,-73.58672618865965,True,1,1,1,18
Pontiac / Gilford,45.527009334270645,-73.58576595783234,True,18,1,1,23
Christophe-Colomb / St-Joseph,45.53036486555959,-73.58439266681671,True,5,1,1,23
Cartier / St-Joseph,45.53582823686429,-73.57869029045105,True,1,1,1,19
Métro Frontenac (Ontario / du Havre),45.533705987798946,-73.55217933654784,True,8,1,1,23
Roy / St-Denis,45.51908,-73.5727,True,15,1,1,26
Maguire / Henri-Julien,45.527041096087785,-73.59347056655677,True,0,1,1,19
Laurier / de Brébeuf,45.532513956311426,-73.58481109142303,True,0,1,1,31
Laurier / de Bordeaux,45.53727946481992,-73.5791677236557,True,4,1,1,23
Henri-Julien / du Carmel,45.52795093787009,-73.59502326697111,True,1,1,1,23
Cartier / Masson,45.5380207402854,-73.58352363109587,True,6,1,1,19
Parc Ludger-Duvernay (St-André / St-Hubert),45.53147464147482,-73.59242051839828,True,0,1,1,19
Boucher / St-Denis,45.527930077456865,-73.59183847904205,True,2,1,1,23
Drolet / Marie-Anne,45.522402573414084,-73.58117669820786,True,3,1,1,19
St-André / Rachel,45.52435318759273,-73.57596650719643,True,4,1,1,15
Parc Jeanne-Mance (monument à sir George-Étienne Cartier),45.514866433022796,-73.58475860237377,True,7,1,1,43
Roy / St-André,45.521564270906616,-73.57036739587784,True,13,1,1,23
Garnier / St-Joseph,45.5330129192707,-73.58128666877745,True,1,1,1,19
de l'Esplanade / Fairmount,45.521495731487576,-73.5968267172575,True,1,1,1,19
Jeanne-Mance / St-Viateur,45.523026476635074,-73.60184043645859,True,1,1,1,23
du Parc-La Fontaine / Duluth,45.52451761488783,-73.57197672128677,True,13,1,1,22
Casgrain / St-Viateur,45.52751292628879,-73.59879076480864,True,0,1,1,23
St-Dominique / Laurier,45.52361490311454,-73.59245739877223,True,4,1,1,23
de Bullion / St-Joseph,45.52404631813311,-73.59015061847458,True,0,1,1,23
de Gaspé / Fairmount,45.52557815939422,-73.59285570681095,True,0,1,1,23
de l'Hôtel-de-Ville / Villeneuve,45.52348082760688,-73.58732756238169,True,4,1,1,23
Henri-Julien / Laurier,45.52574657625029,-73.59033644199371,True,0,1,1,23
Marquette / Laurier,45.53543,-73.5822,True,3,1,1,27
Milton / du Parc,45.50936142835129,-73.57386365532875,True,11,1,1,31
Waverly / St-Viateur,45.5238561444472,-73.60012650489807,True,3,1,1,19
de Bordeaux / Gilford,45.53611005443118,-73.5762870311737,True,2,1,1,19
de Bordeaux / Masson,45.53898439552301,-73.5824453830719,True,10,1,1,19
Labadie / du Parc,45.5198946757576,-73.59682738780975,True,0,1,1,19
Fullum / Marie-Anne,45.53650541861215,-73.56803923845291,True,6,1,1,23
Parthenais / du Mont-Royal,45.53640396516409,-73.57141345739365,True,4,1,1,23
Clark / St-Viateur,45.5251943015533,-73.59935637563467,True,4,1,1,15
Duluth  / St-Denis,45.52062760607925,-73.57594907283782,True,6,1,1,15
Clark / Rachel,45.5173538,-73.58212888,True,9,1,1,31
Resther / du Mont-Royal,45.52562819123256,-73.58177483081818,True,1,1,1,23
de Mentana / Marie-Anne,45.526026565221414,-73.57785880565643,True,2,1,1,27
Hutchison / Prince-Arthur,45.50975858607626,-73.57610732316971,True,7,1,1,19
du Mont-Royal / Clark,45.51941,-73.58685,True,6,1,1,35
Bernard / Jeanne-Mance,45.52428310031213,-73.6049484461546,True,5,1,1,23
Jeanne-Mance / Laurier,45.52027633320609,-73.59497621666378,True,4,1,1,23
Milton / Durocher,45.508140959417744,-73.57492983341217,True,4,1,1,27
Clark / Prince-Arthur,45.513342512307055,-73.57301607728004,True,27,1,1,31
Bercy / Rachel,45.53840340979245,-73.56196403503418,True,9,1,1,15
de l'Esplanade / du Mont-Royal,45.51825290855221,-73.5883381962776,True,0,1,1,23
Villeneuve / St-Urbain,45.520188,-73.590559,True,3,1,1,19
de Rouen / Hogan,45.53636263222538,-73.55421245098114,True,5,1,1,15
de Gaspé / St-Viateur,45.527672646696104,-73.59738260507582,True,2,1,1,19
Waverly / Van Horne,45.527363,-73.607723,True,3,1,1,11
Poupart / Ontario,45.531836726498305,-73.55348825454712,True,17,1,1,19
Querbes / Laurier,45.51748721436461,-73.59788417816162,True,5,1,1,15
Berri / Cherrier,45.519266156911335,-73.5692971944809,True,18,1,1,39
Aylmer / Prince-Arthur,45.508566869474386,-73.57769787311554,True,3,1,1,23
Bloomfied / Elmwood,45.51825588419192,-73.60320568084717,True,0,1,1,15
Marie-Anne / St-Hubert,45.5246829812827,-73.5788968205452,True,1,1,1,19
Durocher / Bernard,45.52222528598142,-73.60668718814848,True,0,1,1,15
Fullum / de Rouen,45.5321322155395,-73.55876013636589,True,18,1,1,27
Sherbrooke / Frontenac,45.5367,-73.56081,True,3,1,1,15
Square St-Louis (du Square St-Louis / Laval),45.516090801970655,-73.5701286792755,True,4,1,1,31
St-André / Cherrier,45.52051578783967,-73.567695915699,True,14,1,1,27
Gauthier / Parthenais,45.53292625574653,-73.56377989053726,True,5,1,1,15
Garnier / St-Grégoire,45.5358215436799,-73.58710169792175,True,2,1,1,23
de Lanaudière / Marie-Anne,45.52932643090091,-73.57480645179749,True,3,1,1,19
de Lanaudière / du Mont-Royal,45.53022106537559,-73.57699647545813,True,8,1,1,31
Boyer / du Mont-Royal,45.527432126380575,-73.57991673052311,True,0,1,1,27
Chapleau / du Mont-Royal,45.53867,-73.56936,True,3,1,1,19
Parc de Bullion (de Bullion / Prince-Arthur),45.515604257816335,-73.57213497161865,True,5,1,1,19
Hutchison / Van Horne,45.52497706918177,-73.6106863617897,True,5,1,1,19
de Maisonneuve / Mansfield (sud),45.502053864057466,-73.57346534729004,True,5,1,1,27
Hélène-Baillargeon / St-Denis,45.52974,-73.59527,True,2,1,1,19
St-Dominique / Bernard,45.52793332015246,-73.60122251338906,True,2,1,1,23
Hutchison / des Pins,45.51069,-73.57805,True,16,1,1,22
Durocher / Sherbrooke,45.507076248365834,-73.57228517532349,True,11,1,1,23
de l'Hôtel-de-Ville / Sherbrooke,45.514524730294404,-73.56835573911665,True,25,1,1,27
Cartier / Rosemont,45.54124722370603,-73.59104454517365,True,0,1,1,19
Graham / Brookfield,45.52022241072457,-73.62985610961914,True,7,1,1,23
Brittany / Ainsley,45.52588991809354,-73.65003436803818,True,10,1,1,19
Parc Pratt (Dunlop / Van Horne),45.514918954061876,-73.61968517303467,True,2,1,1,15
de Bellechasse / de St-Vallier,45.53341043363302,-73.60112428665161,True,4,1,1,19
St-Dominique / St-Zotique,45.53226461018495,-73.6110632121563,True,9,1,1,31
Louis-Hébert / de Bellechasse,45.546661109634606,-73.58868420124054,True,10,1,1,26
de Bordeaux / St-Zotique,45.546539011777845,-73.59866470098495,True,10,1,1,19
Clark / Laurier,45.522544455627866,-73.59346926212311,True,2,1,1,15
Parc Joyce (Rockland / Lajoie),45.515617,-73.614991,True,1,1,1,15
des Érables / Bélanger,45.54912085535069,-73.60087350010872,True,3,1,1,15
Louis-Hébert / St-Zotique,45.55001,-73.59576,True,14,1,1,15
Parc du Pélican (1ère avenue / Masson),45.5451997,-73.57645065,True,28,1,1,39
de Gaspé / Beaubien,45.531957916826386,-73.60700100660324,True,6,1,1,19
Parc Père-Marquette (Chambord / Rosemont),45.537087833013324,-73.59321847558022,True,4,1,1,43
1ère avenue / Rosemont,45.54779995287998,-73.58486741781235,True,8,1,1,15
1ère  avenue / St-Zotique,45.551937362101,-73.59392791986465,True,10,1,1,15
Boyer / Rosemont,45.53409866804061,-73.59553456306458,True,26,1,1,31
Cartier / Bélanger,45.546779039476185,-73.60281676054001,True,3,1,1,23
de l'Hôtel-de-Ville / Roy,45.51733075399989,-73.57449866831303,True,10,1,1,19
de Brébeuf / du Mont-Royal,45.52927839879717,-73.57792854309082,True,0,1,1,23
Drolet / Beaubien,45.533348,-73.605834,True,1,1,1,23
5e avenue / Rosemont,45.54990048023633,-73.58308374881744,True,18,1,1,19
Chabot / Beaubien,45.544375546398065,-73.59564453363419,True,4,1,1,15
Henri-Julien / de Bellechasse,45.5315079142152,-73.60308364033699,True,0,1,1,19
27e avenue / Rosemont,45.563709940264175,-73.57139468193054,True,8,1,1,19
Drolet / St-Zotique,45.53488214147823,-73.60941231250763,True,2,1,1,19
Fullum / Holt,45.54391953154915,-73.58424894533528,True,1,1,1,27
3e avenue / Holt,45.54800352985515,-73.58138993382454,True,4,1,1,19
de St-Vallier / St-Zotique,45.536434338630336,-73.60783427975548,True,4,1,1,19
Cartier / Dandurand,45.53923559055867,-73.58594566583633,True,14,1,1,23
Graham / Wicksteed,45.51693654712809,-73.64048302173615,True,11,1,1,19
Mozart / Waverly,45.5315236502754,-73.61701235175133,True,5,1,1,15
Chabot / de Bellechasse,45.5425697477813,-73.59214425086974,True,15,1,1,19
de Lanaudière / Bélanger,45.54365085053057,-73.60565051436424,True,3,1,1,23
Waverly / St-Zotique,45.53050525974957,-73.61470833420753,True,3,1,1,19
15e avenue / Masson,45.55389801568004,-73.5713866353035,True,14,1,1,23
Fabre / St-Zotique,45.543653916207866,-73.60126135876271,True,11,1,1,19
16e avenue / St-Joseph,45.55293611277267,-73.56577143073082,True,14,1,1,23
Boyer / Bélanger,45.54006,-73.60897,True,4,1,1,23
St-Urbain / Beaubien,45.52954744851231,-73.61071854829788,True,0,1,1,15
Marie-Anne / Papineau,45.53176697148175,-73.5724139213562,True,3,1,1,23
Jeanne-Mance / Beaubien,45.527650097960205,-73.61229971051216,True,2,1,1,15
Métro Place-des-Arts (du Président-Kennedy / Jeanne-Mance),45.508204615051355,-73.56881439685822,True,27,1,1,27
Marquette / Rachel,45.52983801723605,-73.5703244805336,True,1,1,1,15
Wolfe / Robin,45.51958082831579,-73.5601159930229,True,9,1,1,23
Bourbonnière / du Mont-Royal,45.55358456339093,-73.56052905321121,True,6,1,1,23
Graham / Kindersley,45.514080696641386,-73.64694982767105,True,4,1,1,23
McCulloch / de la Côte Ste-Catherine,45.51577505385328,-73.60060930252075,True,0,1,1,15
26e avenue / Beaubien,45.56485589064712,-73.5774926841259,True,6,1,1,15
de Chambly / Rachel,45.54991069359101,-73.55826258659361,True,17,1,1,23
35e avenue / Beaubien,45.570081,-73.573047,True,0,1,1,27
de Bordeaux / Sherbrooke,45.529914321737415,-73.56302618980408,True,5,1,1,19
d'Orléans / Hochelaga,45.55061693669672,-73.54901432991028,True,3,1,1,19
Jeanne-d'Arc / Ontario,45.54959767887176,-73.54187428951263,True,0,1,1,23
41e avenue / Rosemont,45.57178977666956,-73.56431499123573,True,5,1,1,19
Parc de Beauséjour (Gouin / Henri-d'Arles),45.526765,-73.730423,True,14,1,1,19
12e avenue / St-Zotique,45.5568667309625,-73.589306473732,True,2,1,1,23
19e avenue / St-Zotique,45.56168275734862,-73.58564794063568,True,14,1,1,23
de Lisieux / Jean-Talon,45.57934937043077,-73.58168095350266,True,2,1,1,19
de Gaspé / Dante,45.53429782539273,-73.61217230558395,True,3,1,1,23
Davaar / de la Côte-Ste-Catherine,45.514379,-73.610871,True,0,1,1,15
Alton-Goldbloom / Notre-Dame,45.54502601340392,-73.73787671327591,True,12,1,1,19
Bloomfield / Van Horne,45.522745298216094,-73.61328139901161,True,3,1,1,23
Place des Festivals ( du Président-Kennedy / de Bleury),45.50764392965887,-73.56932401657104,True,22,1,1,27
de la Roche / Bélanger,45.541669595766315,-73.60760450363159,True,9,1,1,23
Campus MIL (Outremont / Thérèse-Lavoie Roux),45.52311432992147,-73.61815363168716,True,2,1,1,23
Le Corbusier / St-Martin O,45.565006717407506,-73.7319054454565,True,5,1,1,19
Place du Canada (Peel / des Canadiens-de-Montréal),45.49788352593901,-73.56856763362885,True,0,1,1,26
Dollard / Bernard,45.51678269880724,-73.61142262816429,True,11,1,1,23
de la Roche /  de Bellechasse,45.53718135927993,-73.59750330448149,True,8,1,1,15
11e avenue / du Souvenir,45.56933906192115,-73.70472729206085,True,11,1,1,15
Ernest-Gendreau / du Mont-Royal,45.549713734001415,-73.56384828686714,True,5,1,1,23
Paré / Mountain Sights,45.49810026070624,-73.65294188261032,True,8,1,1,13
Métro Lucien-L'Allier  (Lucien l'Allier / Argyle),45.49487159597493,-73.57112377882004,True,6,1,1,17
Robin / 15e rue,45.559495502858624,-73.6989176273346,True,2,1,1,15
Beaudry / Sherbrooke,45.52303493310712,-73.56539458036421,True,8,1,1,27
8e avenue / Dandurand,45.550113551561694,-73.5772217810154,True,16,1,1,19
Métro Université de Montréal (Édouard-Montpetit / Louis-Collin),45.50363996257211,-73.6182689666748,True,0,1,1,26
Parc Henri-Dunant (Léger / Henri-Dunant),45.56843961893042,-73.6752020941276,True,9,1,1,19
Gauthier / de Lorimier,45.53166363055749,-73.56536373496056,True,8,1,1,19
Édouard-Montpetit / de Stirling,45.50723,-73.615085,True,0,1,1,19
du Mans / des Alouettes,45.58033485941123,-73.68471868336201,True,10,1,1,23
St-Dominique / Napoléon,45.51666442219882,-73.57722043991089,True,21,1,1,23
Place d'Youville / McGill,45.49996470926352,-73.55615437030792,True,1,1,1,19
St-Jean-Baptiste / René-Lévesque,45.64141535746634,-73.4999567270279,True,3,1,1,15
Sabrevois / des Récollets,45.583287878804136,-73.63276362419128,True,5,1,1,15
Dorion / Rachel,45.53163403743962,-73.56824576854706,True,3,1,1,19
Parc nature de l'Île-de-la-Visitation (Gouin / de Bruchési),45.57833184623925,-73.65595400333405,True,16,1,1,19
du Tricentenaire / Prince-Albert,45.64954588445726,-73.49191546440125,True,7,1,1,15
Fortune / Wellington,45.477923,-73.559038,True,14,1,1,27
Place du Village (St-Jean-Baptiste / Notre-Dame),45.640002860465096,-73.49011301994324,True,9,1,1,15
Gary-Carter / St-Laurent,45.53613488953656,-73.62258464097977,True,0,1,1,38
Métro Parc  (Hutchison / Ogilvy),45.53035130173597,-73.6243924498558,True,0,1,1,33
Logan / de Champlain,45.5231943285584,-73.55584256350994,True,10,1,1,19
Bourgeoys / Favard,45.47993042065731,-73.55592101812363,True,21,1,1,27
Richmond / des Bassins,45.48752158511353,-73.56500297784805,True,20,1,1,31
Parc Chenier (de l'Aréna / Chenier),45.60248649638568,-73.5432904958725,True,9,1,1,19
René-Lévesque / Panet,45.51862424058306,-73.55219006538391,True,7,1,1,19
6e avenue / Villeray,45.55873962047568,-73.60589044634253,True,1,1,1,15
du Mont-Royal / Augustin-Frigon,45.54355786336148,-73.56780052185059,True,12,1,1,19
Michelet / Jean-Talon,45.57627820285533,-73.58353972434998,True,8,1,1,23
des Bassins / du Séminaire,45.49047561880464,-73.56022328138351,True,1,1,1,35
Parc du Pélican (2e avenue / St-Joseph),45.544580831168204,-73.5717111825943,True,2,1,1,19
Marie-Anne / de la Roche,45.527550507601894,-73.5762870311737,True,15,1,1,19
St-Dominique / Rachel,45.518593,-73.581566,True,8,1,1,31
7e avenue / St-Joseph Rosemont,45.54710817336986,-73.56936693191528,True,6,1,1,27
Jean Langlois / Fullum,45.526499983000186,-73.54575277422555,True,3,1,1,31
Bibliothèque de Verdun (Brown / Bannantyne),45.44826204820947,-73.57785612344742,True,6,1,1,15
LaSalle / Crawford,45.43791516514076,-73.58253550531117,True,4,1,1,15
McNamara / St-Martin O,45.57120355585774,-73.72351884841918,True,7,1,1,19
Natatorium (LaSalle / Rolland),45.4443505862464,-73.57542979723802,True,2,1,1,27
Mairie d'arrondissement LaSalle (Dupras / Jeannette),45.429166968311485,-73.66280972957611,True,3,1,1,15
Parc Chopin (Dumouchel / Tessier),45.570726609302966,-73.7370860205192,True,5,1,1,19
Pierre-Péladeau / du Centropolis,45.56251175219665,-73.74370649456978,True,17,1,1,23
Jeanne-Mance / St-Martin O,45.557421482389636,-73.7480603903532,True,7,1,1,23
Argyle / de Verdun,45.45301583620112,-73.57191503047943,True,12,1,1,23
St-Jacques / Vinet,45.485328993998365,-73.57692271471024,True,8,1,1,15
St-Charles / Thomas-Keefer,45.477605,-73.573775,True,17,1,1,23
de Chenonceau / Chomedey,45.56157,-73.75448,True,9,1,1,23
St-Joseph / 8e avenue Lachine,45.431518914135125,-73.67110446095467,True,24,1,1,27
Lionel-Groulx / George-Vanier,45.486346321757786,-73.57352435588837,True,8,1,1,23
8e avenue / Notre-Dame Lachine,45.43498715540587,-73.67079868912697,True,3,1,1,19
Beatty / de Verdun,45.450729976972944,-73.5725748538971,True,21,1,1,23
Duvernay / Charlevoix,45.4820980397155,-73.57487618923187,True,4,1,1,19
Mayfield / St-Martin O,45.553017541248565,-73.75822663307189,True,7,1,1,19
Gloria / Dollard,45.42971096449354,-73.633883446455,True,4,1,1,15
Bel Air / St-Antoine,45.4824297233159,-73.58367975812143,True,5,1,1,23
4e avenue / de Verdun,45.4568844514464,-73.57260704040527,True,12,1,1,15
41e avenue / Victoria,45.44053238705948,-73.70242863893507,True,6,1,1,15
de l'Église / Bannantyne,45.4632535358533,-73.57587933540344,True,12,1,1,15
Regina / de Verdun,45.467369,-73.570769,True,21,1,1,23
Turgeon / Notre-Dame,45.478888528072076,-73.58198940753937,True,5,1,1,19
Métro Place St-Henri (St-Ferdinand / St-Jacques),45.47729315148685,-73.58732163906097,True,17,1,1,27
Jacques-Le Ber / de la Pointe Nord,45.47259900304475,-73.5398056358099,True,6,1,1,27
Métro Lasalle (de Rushbrooke / Caisse),45.47069642604657,-73.56542240828276,True,18,1,1,23
Métro de l'Église (Ross / de l'Église),45.462846046287325,-73.56592163443565,True,1,1,1,19
Métro Verdun (Willibrord / de Verdun),45.459487694540734,-73.57209205627441,True,5,1,1,27
Rose-de-Lima / Workman,45.48026417718717,-73.58099363744259,True,7,1,1,23
Panet / Ste-Catherine,45.51999897796297,-73.5548883676529,True,15,1,1,27
Ste-Claire / Pierre-Tétreault,45.60191332161639,-73.52441847324371,True,2,1,1,19
Parc Félix-Leclerc (François-Boivin / St-Zotique),45.5914549914687,-73.56275528669356,True,7,1,1,15
Desjardins / Ontario,45.55118417872238,-73.54087114334106,True,9,1,1,23
Montcalm / Ontario,45.52111152278944,-73.56231406331062,True,17,1,1,27
Métro Lionel-Groulx (St-Jacques / Atwater),45.48295816149219,-73.57975836854166,True,0,1,1,33
5e avenue / Bannantyne,45.456365,-73.57614,True,10,1,1,15
Letourneux / Ste-Catherine,45.55078357889704,-73.53409996037954,True,10,1,1,19
de Grosbois / Duchesneau,45.611230741550536,-73.5312415660519,True,9,1,1,15
Métro Joliette  (Joliette / Hochelaga),45.54690718297082,-73.5515570640564,True,9,1,1,19
Métro Préfontaine (Moreau / Hochelaga),45.541374968866094,-73.5542231798172,True,4,1,1,31
Peel / Notre-Dame,45.49544692088696,-73.56329441070557,True,0,1,1,47
Letourneux / Hochelaga,45.55465888075087,-73.54660302400589,True,0,1,1,15
Ontario / Sicard,45.55626186680846,-73.53744059801102,True,15,1,1,23
Argyle / Bannantyne,45.453318765468914,-73.5767751932144,True,14,1,1,15
Ontario / Viau,45.5594818,-73.535496,True,10,1,1,19
Souligny / Desmarteau,45.60444089974122,-73.51611837744713,True,6,1,1,15
Parc Lalancette (de Rouen / Valois),45.54814504700217,-73.5471260547638,True,11,1,1,23
Métro Pie-IX (Pierre-de-Coubertin / Desjardins),45.554373399819674,-73.55137467384337,True,1,1,1,33
Montcalm / de Maisonneuve,45.519131967116216,-73.55788965214742,True,14,1,1,19
Métro Beaudry (Beaudry / Ste-Catherine),45.51888453178292,-73.55593845248222,True,5,1,1,23
des Ormeaux / Notre-Dame,45.59926552299961,-73.51226069033146,True,4,1,1,23
Ste-Catherine / Dezery,45.539385081961676,-73.54099988937377,True,18,1,1,19
Métro Assomption (Chauveau / de l'Assomption),45.569789,-73.548081,True,3,1,1,23
André-Laurendeau / Rachel,45.54303187243879,-73.56256484985352,True,3,1,1,23
Métro Cadillac (Cadillac / Sherbrooke),45.57683333463968,-73.54647415224463,True,3,1,1,19
du Parc-Lafontaine / Rachel,45.52551168509886,-73.57424452900887,True,1,1,1,19
St-Germain / Hochelaga,45.543652466151,-73.5534825682771,True,4,1,1,15
Métro Langelier (Langelier / Sherbrooke),45.58284663189181,-73.54247644543648,True,14,1,1,19
Pierre-de-Coubertin / Langelier,45.580314546424674,-73.5353136062622,True,7,1,1,19
Atateken / du Square Amherst,45.52063377251984,-73.56390595436096,True,24,1,1,31
St-Grégoire / Christophe-Colomb,45.53259744983328,-73.59011113643646,True,2,1,1,23
de Léry / Sherbrooke,45.54099971663243,-73.55826258659361,True,2,1,1,23
Du Quesne / de Marseille,45.575812361972055,-73.54123055934906,True,14,1,1,23
St-André / Ontario,45.51889,-73.56353,True,18,1,1,19
Valois / Ste-Catherine,45.54522973039872,-73.53725016117096,True,19,1,1,23
Alexandre-DeSève / Ste-Catherine,45.52123044585842,-73.55386108160019,True,10,1,1,19
Bibliothèque et Complexe aquatique Rosemont (8e avenue / Rosemont),45.55151193681962,-73.58207792043686,True,3,1,1,15
Nicolet / Sherbrooke,45.54969542033443,-73.55464696884155,True,0,1,1,23
Alexandre-DeSève  / Ontario,45.52435882510794,-73.56053441762924,True,19,1,1,23
Dézéry / Ontario,45.54095791741757,-73.54702949523926,True,12,1,1,27
Ste-Catherine / St-Clément,45.55671730558936,-73.53024959564209,True,9,1,1,15
de l'Église / de Verdun,45.46300108733155,-73.57156895217486,True,8,1,1,19
St-Jacques / St-Laurent,45.50644464920572,-73.55648696422577,True,4,1,1,23
Liébert / Hochelaga,45.59587457490178,-73.52352797985077,True,3,1,1,23
du Champ-de-Mars / Gosford,45.50965520472071,-73.55400860309601,True,15,1,1,23
St-Jacques / McGill,45.50144108135568,-73.56014415621758,True,5,1,1,31
de l'Hotel-de-Ville / Rachel,45.51989655507833,-73.58010649681091,True,5,1,1,15
Gagne / LaSalle,45.422451407155854,-73.601194024086,True,14,1,1,19
Notre-Dame / McGill,45.50002580878596,-73.5601931065321,True,3,1,1,19
Métro Honoré-Beaugrand (Sherbrooke / Honoré-Beaugrand),45.5967964774917,-73.53517949581145,True,0,1,1,23
des Récollets / McGill,45.5008764952487,-73.55900555849075,True,7,1,1,23
Métro Radisson (Sherbrooke / des Groseilliers),45.58917500418707,-73.53965610265732,True,0,1,1,19
City Councillors / du President-Kennedy,45.50625103256782,-73.57139065861702,True,28,1,1,31
William / St-Henri,45.49891911390352,-73.55725407600403,True,10,1,1,15
Bélanger / St-Denis,45.53696,-73.61199,True,0,1,1,23
Metcalfe / du Square-Dorchester,45.50022226680107,-73.57110500335693,True,0,1,1,31
Marché Jean-Talon (Henri-Julien / Jean-Talon),45.53678525128436,-73.6148879583925,True,1,1,1,23
St-Nicolas / Place d'Youville,45.501966859101564,-73.55515256524086,True,4,1,1,23
Molson / Beaubien,45.54968589617967,-73.59115451574326,True,13,1,1,23
d'Orléans / Masson,45.557192,-73.569847,True,10,1,1,19
Union / Ste-Catherine,45.504027213143104,-73.56970220804214,True,1,1,1,35
Louis-Hébert / Beaubien,45.5481863712796,-73.592010140419,True,9,1,1,19
du President-Kennedy / Union,45.505102242483595,-73.57187882065773,True,12,1,1,23
de Grenoble / de Cassis,45.57889719514108,-73.70492711663245,True,11,1,1,19
Darling / Sherbrooke,45.54545514686953,-73.55673909187317,True,10,1,1,23
5e avenue / Masson,45.54752382909683,-73.57513636350632,True,24,1,1,27
10e avenue / Masson,45.55037651450808,-73.57373356819151,True,10,1,1,27
St-Alexandre / Ste-Catherine,45.50527354034462,-73.5674786567688,True,17,1,1,27
Métro Bonaventure (de la Gauchetière / de la Cathédrale),45.49831217703312,-73.56725603342056,True,0,1,1,28
Grand Boulevard / Sherbrooke,45.46670033299904,-73.62355081379064,True,1,1,1,19
Langelier / Marie-Victorin,45.61451982045293,-73.6118745803833,True,6,1,1,15
Benny / Sherbrooke,45.4648769981855,-73.62659722566605,True,1,1,1,19
Park Row O / Sherbrooke,45.46072936353252,-73.63407254219055,True,5,1,1,15
Lucien L'Allier / St-Jacques,45.493514106710734,-73.56848180294037,True,9,1,1,23
Aylmer / Ste-Catherine,45.50434678685089,-73.56894850730896,True,2,1,1,39
Grand Boulevard / de Terrebonne,45.470535000953966,-73.63165721297264,True,12,1,1,31
des Jockeys / Décarie,45.49404432109336,-73.65449488162994,True,1,1,1,19
Lacombe / Victoria,45.49048314001669,-73.62913727760315,True,3,1,1,19
Parc Georges St-Pierre (Oxford / Upper Lachine),45.46887995929811,-73.60943913459778,True,5,1,1,19
Métro Côte-Ste-Catherine (Beaucourt / de la Côte-Ste-Catherine),45.491513,-73.633649,True,16,1,1,23
Marcil / Sherbrooke,45.471743,-73.613924,True,10,1,1,23
Boyer / Beaubien,45.537041,-73.602026,True,5,1,1,27
Grey / Sherbrooke,45.47629426230192,-73.60617488622665,True,0,1,1,15
Boyer / St-Zotique,45.53848,-73.60556,True,3,1,1,19
Workman / Vinet,45.483788863965174,-73.5750612616539,True,7,1,1,23
Parc Howard (de l'Épée / de Liège),45.53318929909303,-73.64188581705093,True,7,1,1,15
Wilderton  / Van Horne,45.51014162409143,-73.6247518658638,True,3,1,1,23
de Monkland / Girouard,45.47710675189806,-73.6214379966259,True,16,1,1,23
Métro Villa-Maria (de Monkland / Décarie),45.4789683985657,-73.61959934234618,True,2,1,1,26
de la Côte St-Antoine / Royal,45.468926984877434,-73.6198702454567,True,3,1,1,19
Métro Vendôme (de Marlowe / de Maisonneuve),45.47393028235147,-73.60473453998564,True,19,1,1,31
Marquette / des Carrières,45.53879934493943,-73.58870029449461,True,14,1,1,27
d'Outremont / Ogilvy,45.52687028194893,-73.62672328948975,True,5,1,1,19
Parc Loyola (Somerled / Doherty),45.45976107571447,-73.64477455615997,True,8,1,1,19
Faillon / St-Denis,45.539890852781404,-73.62026989459991,True,2,1,1,23
de Kent / de la Côte-des-Neiges,45.50144933057703,-73.63305062055588,True,7,1,1,39
Métro Acadie (de l'Acadie / Beaumont),45.52357479400008,-73.62344294786453,True,7,1,1,13
des Récollets / Martial,45.59089190991344,-73.64061713218689,True,10,1,1,19
Earnscliffe / Queen-Mary,45.481845071377414,-73.63037377595901,True,15,1,1,23
Leman / de Chateaubriand,45.54721107501036,-73.63105237483978,True,10,1,1,15
Parc des Hirondelles (Fleury / André-Jobin),45.5762948651025,-73.646759390831,True,7,1,1,19
de Melrose / Sherbrooke,45.46991202213883,-73.61735232174397,True,7,1,1,19
Métro de Castelnau (de Castelnau / St-Laurent),45.53570881624427,-73.61962348222733,True,2,1,1,23
Métro Snowdon (de Westbury / Queen-Mary),45.48542414888848,-73.62816195935011,True,17,1,1,23
Parc Sauvé (Balzac / de Bayonne),45.59836857189897,-73.63610029220581,True,4,1,1,15
de St-Firmin / Fleury,45.570624722078364,-73.6517858505249,True,6,1,1,23
Jacques-Casault / Christophe-Colomb,45.552123,-73.630103,True,18,1,1,19
Marquette / Fleury,45.56735205736566,-73.65378744900227,True,1,1,1,15
Parc Joseph-Robin (18e avenue / Everett),45.56481129244175,-73.59580412507057,True,6,1,1,19
Everett / Garnier,45.54758153109644,-73.61220851540565,True,13,1,1,15
8e avenue / Everett,45.55776151418004,-73.60154539346695,True,11,1,1,15
Francis / Fleury,45.56387237463668,-73.6555677652359,True,7,1,1,19
Hamel / Sauvé,45.56076192837154,-73.6505614221096,True,3,1,1,19
Métro Jarry (Lajeunesse / Jarry),45.54355974189168,-73.62777203321457,True,7,1,1,23
Boyer / Everett,45.54310243053054,-73.61607524188003,True,6,1,1,19
Louis-Hébert / Bélanger,45.55158518908433,-73.59916493296623,True,6,1,1,19
Chambord / Fleury,45.55982811984724,-73.65832507610321,True,12,1,1,14
de Bordeaux / Jean-Talon,45.54975479298636,-73.60556602478027,True,2,1,1,15
Louis-Hémon / Jean-Talon,45.5517742671765,-73.60347837231528,True,2,1,1,19
Rousselot / Jarry,45.55081979211847,-73.62088680267334,True,11,1,1,15
Péloquin / Fleury,45.55702223161539,-73.6599015713,True,4,1,1,15
de Normanville / Villeray,45.547172039327485,-73.61815631389618,True,18,1,1,19
de la Roche / Everett,45.544867,-73.614841,True,1,1,1,15
du Rosaire / St-Hubert,45.54481928225348,-73.6215104162693,True,5,1,1,23
Métro Crémazie (Crémazie / Lajeunesse),45.54640752148169,-73.63842844963074,True,6,1,1,15
2e avenue / Jean-Rivard,45.562509038048915,-73.61656039953232,True,9,1,1,23
de Chateaubriand / Jarry,45.545841561840085,-73.62665355205536,True,11,1,1,15
Lajeunesse / Villeray,45.54218173507584,-73.62268656492233,True,14,1,1,15
Drolet / Jarry,45.54195463236575,-73.62994194030762,True,1,1,1,19
Lajeunesse / de Liège,45.545580534390176,-73.63490000367165,True,10,1,1,15
Basile-Routhier / Chabanel,45.549868431421636,-73.64765658974648,True,19,1,1,19
Émile-Journault / de Chateaubriand,45.54983321292286,-73.64063255488873,True,12,1,1,19
Ropery / Augustin-Cantin,45.48097552629275,-73.56863468885422,True,8,1,1,23
Ann / Wellington,45.49449368327543,-73.55676054954529,True,4,1,1,15
Richardson / Montmorency,45.484966061164755,-73.56032252311707,True,0,1,1,31
Dubois / Eadie,45.45760820718457,-73.59051011502743,True,14,1,1,23
Parc Ferland (Belleherbe / Albanel),45.59573798024675,-73.59529852867126,True,4,1,1,15
Crescent / René-Lévesque,45.49600732302391,-73.57334746981905,True,10,1,1,31
Parc Henri-Julien (Legendre / Henri-Julien),45.5460355901214,-73.6465984582901,True,7,1,1,19
6e avenue / Bélanger,45.55456382820465,-73.59615683555603,True,9,1,1,19
de la Côte St-Antoine / Argyle,45.48624101696415,-73.59572768211365,True,3,1,1,19
Victoria Hall,45.48129146961133,-73.6003303527832,True,3,1,1,15
Berri / Rachel,45.52275023118295,-73.57724860310555,True,8,1,1,19
Augustin-Cantin / Shearer,45.48390169543355,-73.56363236904144,True,1,1,1,31
Mackay / de Maisonneuve,45.49682986230046,-73.57913017272949,True,2,1,1,39
St-Mathieu / Sherbrooke,45.495789104811756,-73.58259558677672,True,10,1,1,23
Guy / Sainte-Catherine,45.49497512853125,-73.57777043248461,True,5,1,1,31
Notre-Dame-de-Grâce / Westmount,45.48046706437983,-73.61122308304402,True,4,1,1,15
des Pins / St-Laurent,45.51522812881499,-73.5750961303711,True,11,1,1,23
Hamilton / Jolicoeur,45.45670282849069,-73.59764268636354,True,8,1,1,15
Monk / Biencourt,45.458663192410306,-73.59602272510529,True,14,1,1,15
de Châteauguay / Ropery,45.47930107352825,-73.56629446148872,True,7,1,1,23
Ryde / Charlevoix,45.4757434,-73.5646007,True,23,1,1,27
Cypress / Peel,45.499330334344556,-73.57175691987322,True,0,1,1,35
Parc St-Henri (Laporte / Guay),45.48013378575666,-73.58590811491013,True,11,1,1,15
Peel / Ottawa,45.49419955357054,-73.55998456478119,True,2,1,1,27
Shearer / Centre,45.4828250990486,-73.56206325352105,True,2,1,1,15
Métro Monk (Allard / Beaulieu),45.451030919298056,-73.5939010977745,True,8,1,1,19
Mackay / Ste-Catherine,45.49582294706495,-73.57696294784546,True,3,1,1,31
St-Jacques / Guy,45.491366875439965,-73.57010722160338,True,2,1,1,23
Métro Angrignon (Lamont /  des Trinitaires),45.44705915105563,-73.60229507088661,True,7,1,1,23
Victoria / de Maisonneuve,45.47742856483265,-73.60016942024231,True,3,1,1,15
Stanley / René-Lévesque,45.49790394592446,-73.57077571808077,True,2,1,1,39
Plessis / Ontario,45.523594936648244,-73.56099039316177,True,10,1,1,19
Canning / Notre-Dame,45.486318644010225,-73.5702332854271,True,18,1,1,23
St-Antoine / Jean-Paul Riopelle,45.502939709023714,-73.56064036488532,True,4,1,1,23
Métro Beaubien (de Chateaubriand / Beaubien),45.5353599615622,-73.60363483428955,True,0,1,1,27
de l'Hôtel-de-Ville / Ste-Catherine,45.51166045593874,-73.56213569641113,True,23,1,1,31
Parc St-Paul (Le Caron / Marc-Sauvalle),45.461741021347436,-73.58412176370621,True,11,1,1,23
de Castelnau / Lajeunesse,45.54043190217008,-73.61650675535202,True,0,1,1,19
de la Côte St-Paul / St-Ambroise,45.467665653865964,-73.59391784324544,True,4,1,1,27
Fullum / Ste-Catherine,45.52711644190572,-73.54801654815674,True,7,1,1,19
Bourget / St-Jacques,45.48067368593179,-73.58351558446884,True,7,1,1,19
Métro Édouard-Montpetit (du Mont-Royal / Vincent-d'Indy),45.510200304274754,-73.6114051938057,True,2,1,1,27
St-Laurent / Pl. du Marché,45.50928960913111,-73.56241598725319,True,20,1,1,27
Charles-Daoust / 75e avenue,45.54250587659489,-73.74095320701599,True,13,1,1,27
Henri-Julien / de Castelnau,45.53789110878484,-73.6182153224945,True,0,1,1,23
Ste-Émilie / Sir-Georges-Etienne-Cartier,45.472781067977614,-73.5852724313736,True,8,1,1,23
de Mentana / Laurier,45.5305193519952,-73.58780443668365,True,2,1,1,23
Stinson / Montpellier,45.51962176248447,-73.6662483215332,True,5,1,1,23
Métro Sauvé (Berri / Sauvé),45.550692068419764,-73.65636706352234,True,7,1,1,26
Ste-Catherine / Towers,45.49228068089086,-73.58096480369566,True,4,1,1,23
St-Cyril / Wiseman,45.52085479492202,-73.61573964357376,True,2,1,1,23
McLynn / Plamondon,45.48911308766352,-73.6470128595829,True,9,1,1,23
Parc Champdoré (Champdoré / de Lille),45.5692509593831,-73.63642623429769,True,9,1,1,15
Ste-Croix / Tassé,45.51953948301331,-73.68516325950623,True,10,1,1,23
29e avenue / St-Zotique,45.56776565172907,-73.57968807220459,True,4,1,1,15
Beaubien / 8e avenue,45.553456845975276,-73.58784198760986,True,10,1,1,15
Harvard / de Monkland,45.474565185029945,-73.62403571605682,True,5,1,1,19
Hillside / Ste-Catherine,45.48282602624293,-73.59084337949753,True,6,1,1,15
Guizot / St-Laurent,45.53968044327973,-73.63450437784195,True,1,1,1,19
De Callières / d'Auvergne,45.593421978698636,-73.6690217256546,True,13,1,1,23
Melville / de Maisonneuve,45.48184019359366,-73.59537899494171,True,2,1,1,15
Union / René-Lévesque,45.50235036136798,-73.56658279895781,True,3,1,1,31
Jeanne-Mance / René-Lévesque,45.5063713381299,-73.5642009973526,True,53,1,1,58
Bloomfield / Ball,45.52995941738481,-73.6329460144043,True,15,1,1,19
Laforest / Dudemaine,45.539806548176045,-73.6872661113739,True,12,1,1,23
Sanguinet / de Maisonneuve,45.51340553558378,-73.56259435415267,True,19,1,1,31
St-Denis / Ste-Catherine,45.51372291221464,-73.5603104531765,True,16,1,1,43
Ste-Catherine / Sanguinet,45.512936177874096,-73.56124520301817,True,17,1,1,47
Notre-Dame-de-Grâce / Décarie,45.477384955188235,-73.61527817789465,True,7,1,1,15
St-Urbain / de la Gauchetière,45.50707812811467,-73.56139540672302,True,33,1,1,43
de Maisonneuve / Greene,45.48697062,-73.58929306,True,8,1,1,19
Drummond / Ste-Catherine,45.49863930330429,-73.57422709465027,True,13,1,1,31
Mansfield / Cathcart,45.500989292488576,-73.57050284743309,True,0,1,1,27
Ste-Catherine / Bishop,45.49658063218649,-73.5762146115303,True,4,1,1,19
Chomedey / de Maisonneuve,45.491750449903954,-73.58394473791122,True,21,1,1,27
Gilford / des Érables,45.53728040418993,-73.57534691691399,True,3,1,1,15
Fullum / Terrasse Mercure,45.535541603465234,-73.56593906879425,True,9,1,1,19
University / Prince-Arthur,45.5074794530521,-73.57864737510681,True,1,1,1,47
Gare Bois-de-Boulogne,45.53972553109637,-73.67716491222382,True,22,1,1,23
de Gaspé / Jarry,45.540780049797995,-73.63040059804916,True,3,1,1,19
Legrand / Cartier,45.55233742797057,-73.70748996734619,True,7,1,1,15
St-Dominique / Jean-Talon,45.53520398241678,-73.6175217570053,True,0,1,1,31
Chabot / Villeray,45.552289376429215,-73.61300647258759,True,6,1,1,15
Ouimet / Goineau,45.57504823374693,-73.68799567222595,True,11,1,1,27
Guizot / St-Denis,45.543423548290185,-73.63246187567711,True,18,1,1,23
Egan / Laurendeau,45.45290792768395,-73.58918591405198,True,7,1,1,15
Métro Plamondon (de Kent / Victoria),45.494686752797904,-73.63871866467889,True,19,1,1,19
St-Dominique / St-Viateur,45.52655700191558,-73.5982757806778,True,0,1,1,31
St-Charles / Grant,45.539824,-73.508752,True,8,1,1,19
Marquette / du Mont-Royal,45.53221791147474,-73.57543140649796,True,0,1,1,23
St-André / Ste-Catherine,45.516297540849614,-73.55801045894623,True,17,1,1,27
Métro du Collège (Cartier / Décarie),45.50843904979172,-73.6729645729065,True,5,1,1,17
Métro Côte-des-Neiges (Jean-Brillant / de la Côte-des-Neiges),45.495537539518104,-73.6222583055769,True,25,1,1,31
Monsabré / Boileau,45.571796348222385,-73.54152023792267,True,12,1,1,19
Notre-Dame / Guy,45.48984195308291,-73.56737405061722,True,13,1,1,19
Chabanel / Tolhurst,45.540105018786974,-73.65347027778625,True,14,1,1,23
Pratt / Bates,45.51694782364431,-73.62631559371948,True,11,1,1,15
Métro Georges-Vanier (St-Antoine / Canning),45.4891,-73.57656,True,4,1,1,17
Fullum / Ontario,45.5303174,-73.5548669,True,11,1,1,15
Louisbourg / O'Brien,45.53039449604383,-73.70393217686795,True,21,1,1,23
Métro Cartier,45.56007440937141,-73.68125259876251,True,13,1,1,19
Métro de la Savane (Décarie / de Sorel),45.500251758943925,-73.66171056035454,True,0,1,1,19
Alfred Laliberté / de Poutrincourt,45.53308032414161,-73.6945965886116,True,12,1,1,19
Clark / Fleury,45.54758205939525,-73.66522908210754,True,18,1,1,19
Métro Montmorency,45.55814299291968,-73.71942043304443,True,16,1,1,23
Ste-Catherine / St-Mathieu,45.49384690142783,-73.57917845249176,True,13,1,1,31
Tolhurst / Fleury,45.54407915308118,-73.66735741496086,True,18,1,1,19
St-Ambroise / Louis-Cyr,45.47519326260791,-73.58094334602356,True,2,1,1,27
Terminus Le Carrefour (Terry-Fox / Le Carrefour),45.56842034638607,-73.74687284231186,True,6,1,1,23
Métro Rosemont (de St-Vallier / Rosemont),45.531921043052655,-73.59804779291153,True,0,1,1,23
Mexico / Valois,45.58470514858118,-73.71925413608551,True,13,1,1,27
de Hampton / de Monkland,45.47117930747152,-73.6270022392273,True,2,1,1,11
2e avenue / Centrale,45.43289463113104,-73.59685689210892,True,4,1,1,15
Laird / Glencoe,45.50619158460727,-73.64230799681536,True,8,1,1,15
Parc Beaubien Outremont (Stuart / St-Viateur),45.515969694922276,-73.60827505588531,True,1,1,1,15
Parc St-Claude (8e rue / 7e avenue),45.56223427759079,-73.69167619946893,True,13,1,1,19
du Souvenir / Chomedey,45.55188644388879,-73.74444007873535,True,7,1,1,15
Maguire / St-Laurent,45.524628485592636,-73.5958108305931,True,1,1,1,15
Maisonneuve / Wood,45.48819793805841,-73.58807051185067,True,15,1,1,19
de la Côte-Ste-Catherine / Decelles,45.50094101588506,-73.62563699483871,True,2,1,1,19
Métro Jean-Talon (Berri / Jean-Talon),45.53900036432657,-73.6142510175705,True,2,1,1,19
Métro Sherbrooke (de Rigaud / Berri),45.51814312154928,-73.56800436973572,True,0,1,1,27
University / des Pins,45.50817464963893,-73.58002064942411,True,2,1,1,35
Christophe Colomb / Gilford,45.52970275925261,-73.58288526535034,True,3,1,1,15
Gilford / St-Denis,45.52500713558964,-73.585617095232,True,27,1,1,39
Notre-Dame / de la Montagne,45.49302901258371,-73.56481790542603,True,22,1,1,27
Milton / University,45.50651983995355,-73.57640504837036,True,0,1,1,39
Metcalfe / de Maisonneuve,45.501804363327565,-73.57434511184692,True,4,1,1,27
Marché Atwater,45.48020822800015,-73.57759863138199,True,15,1,1,32
Hutchison / Beaubien,45.52605851018324,-73.61296892166138,True,1,1,1,26
Drolet / Gounod,45.54095134225734,-73.62637460231781,True,11,1,1,19
de Gaspé / de Liège,45.54248521237199,-73.63634169101715,True,15,1,1,23
de l'Hotel-de-Ville / Ontario,45.51374520222444,-73.56666326522826,True,25,1,1,27
de Gaspé / Villeray,45.53888723230076,-73.62390697002411,True,10,1,1,15
Drummond / de Maisonneuve,45.499515390738885,-73.57602953910826,True,5,1,1,47
Parc Jean-Drapeau (Chemin Macdonald),45.51252079509179,-73.53200376033783,True,26,1,1,35
Hôpital Maisonneuve-Rosemont (Rosemont / Chatelain),45.575707,-73.561562,True,5,1,1,38
Bélanger / St-Laurent,45.53313989048685,-73.61472845077515,True,0,1,1,23
Marmier / St-Denis,45.530757980151904,-73.59845817089081,True,0,1,1,27
Robert-Bourassa / St-Maurice,45.49837045828952,-73.56055587530136,True,2,1,1,23
Métro Charlevoix (Centre / Charlevoix),45.4785381897129,-73.56931865215302,True,2,1,1,27
Ste-Famille / des Pins,45.5125667269925,-73.57640504837036,True,7,1,1,11
Parc Baldwin (Fullum / Sherbrooke),45.53407048533949,-73.56265068054199,True,5,1,1,35
Cartier / Marie-Anne,45.53272890731339,-73.57200437053734,True,5,1,1,23
Aylwin / Ontario,45.544275457326385,-73.54516267776489,True,10,1,1,27
Queen / Wellington,45.49760527699099,-73.55534970760345,True,2,1,1,47
Stationnement incitatif de Montarville (de Montarville),45.6011635681891,-73.44999354332685,True,1,1,1,19
Quai Yvon-Julien (Marie-Victorin / de Montarville),45.606718042243784,-73.45692034810781,True,10,1,1,21
Stationnement incitatif de Mortagne (Ampère),45.57251733677832,-73.44312071800232,True,3,1,1,23
St-Joseph Lachine / 21e avenue,45.43352120253739,-73.68354320526123,True,1,1,1,19
du Parc / François-Foucault,45.605785392139126,-73.66273999214172,True,13,1,1,23
90e Avenue / Boulevard Lévesque O,45.53121456506295,-73.74735295772552,True,9,1,1,27
Métro St-Laurent ( de Maisonneuve / St-Laurent),45.51074821798916,-73.56512099504471,True,6,1,1,24
de Maisonneuve / Mansfield (nord),45.502386079583346,-73.57333794236183,True,2,1,1,19
Pierre-de-Coubertin / Aird,45.55903106539297,-73.54830354452133,True,1,1,1,19
Porte de Québec / St-André,45.51329411414168,-73.55057805776596,True,19,1,1,19
Laurier / St-Denis,45.52714838624861,-73.58947947621346,True,1,1,1,15
Frontenac / Ste-Catherine,45.53006276144042,-73.54559183120728,True,6,1,1,19
Garnier / Villeray,45.54948004519436,-73.61605471489383,True,6,1,1,19
Belmont / Robert-Bourassa,45.50138408104859,-73.56588006019592,True,1,1,1,27
Louis-Hémon / Rosemont,45.544500877623655,-73.58810484409332,True,15,1,1,19
Wellington / Gordon,45.46109386344247,-73.56704950332642,True,12,1,1,23
Parc des Vétérans (des Vétérans / Broadway),45.63147192165401,-73.50819479674101,True,3,1,1,11
Parc de l'Hôtel-de-Ville (Ste-Julie / Laurendeau),45.630686043767284,-73.4948467835784,True,10,1,1,19
Wellington / 3e avenue,45.45734622161475,-73.56757521629333,True,12,1,1,19
Wellington / Hickson,45.46493155172772,-73.56674909591675,True,2,1,1,27
Parc de Montréal-Est (Notre-Dame / David),45.61316323215739,-73.50989364087582,True,7,1,1,19
Centre récréatif Édouard-Rivet (Notre-Dame / Lesage),45.62846158049899,-73.49952153861523,True,6,1,1,15
Mansfield / Ste-Catherine,45.50140664031126,-73.57165485620499,True,0,1,1,23
Lanaudière / Jean-Talon,45.545350334193245,-73.61032962799072,True,9,1,1,15
St-Dominique / de Bellechasse,45.52952466565309,-73.60488876700401,True,2,1,1,31
du Canal / McLaughlin,45.42969214118378,-73.6694884300232,True,4,1,1,15
Plessis / Logan,45.5218942750191,-73.55725058932876,True,13,1,1,19
de Maisonneuve / Mansfield SE,45.50229349416256,-73.5733064264059,True,1,1,1,23
Parc J.-Arthur-Champagne (de Chambly / du Mont-Royal),45.551584,-73.561916,True,2,1,1,19
Bloomfield / Bernard,45.520338193708305,-73.60775470733641,True,0,1,1,27
de Laprairie / Centre,45.48059248038378,-73.56577813625336,True,6,1,1,15
Clark / de l'Arcade,45.527371996141,-73.60398352146149,True,1,1,1,19
Parc Lacharité (Latour / Forget),45.41773748108526,-73.62338548639853,True,2,1,1,19
Sherbrooke / Jeanne-d'Arc,45.55398156058887,-73.55496388156098,True,4,1,1,23
de la Vérendrye / 75e avenue,45.42070552680549,-73.62966051438889,True,8,1,1,19
Milton / Clark,45.512167777991905,-73.5709663525995,True,19,1,1,27
Jogues / Allard,45.450020323797766,-73.60030621290207,True,3,1,1,19
Stanley / Sherbrooke,45.50104945092413,-73.57720971107483,True,1,1,1,23
Metcalfe / St-Catherine,45.50083231626815,-73.57245951890945,True,0,1,1,35
St-Zotique / Clark,45.53143760098197,-73.61270070075989,True,2,1,1,15
Prince-Arthur / du Parc,45.51044465753362,-73.5755842924118,True,3,1,1,35
Prince-Arthur / St-Urbain,45.51262123436571,-73.5737282037735,True,13,1,1,27
Métro Mont-Royal (Berri / Mont-Royal),45.52501371261418,-73.58220934867859,True,29,1,1,39
de Côme / Jean-Talon,45.58830296569168,-73.57783721439773,True,11,1,1,15
Boyer / St-Joseph,45.52937645940547,-73.5842552036047,True,6,1,1,19
Robert-Bourassa / René-Lévesque,45.502182909901194,-73.56825381517409,True,1,1,1,33
Aylmer / Sherbrooke,45.50629456823703,-73.57282698154448,True,2,1,1,27
du Parc-La Fontaine / Roy,45.5232203879173,-73.56916093829568,True,12,1,1,19
Coloniale / Duluth,45.51786873150825,-73.57842743396758,True,4,1,1,15
Casgrain / Maguire,45.52621764749851,-73.5957657695144,True,1,1,1,15
Robin / St-André,45.51820643310249,-73.56161856654579,True,13,1,1,15
Métro Fabre (Garnier / Jean-Talon),45.54604633902673,-73.60858295134676,True,3,1,1,23
Métro St-Laurent dépôt 2 (de Maisonneuve / St-Laurent),45.51070968563815,-73.56535434722899,True,0,1,1,11
St-Hubert / Laurier,45.52893724049854,-73.58786880970001,True,5,1,1,19
Bennett / Ste-Catherine,45.55315915057821,-73.53263273835182,True,14,1,1,22
Gilford / Papineau,45.534609711904416,-73.57802510261536,True,2,1,1,15
de Mortagne / de Montarville,45.59147977279279,-73.43605846166611,True,9,1,1,19
du Fort Saint-Louis / de la Perrière,45.613330089384625,-73.45154017210007,True,15,1,1,15
de Mortagne / Jean-Neveu,45.56923752103412,-73.44949901103973,True,3,1,1,19
Métro Papineau (Dorion / De Maisonneuve),45.5238445756922,-73.55236601831166,True,24,1,1,32
Lamarre / Lavallée,45.53374770433337,-73.48599582910538,True,9,1,1,19
Parc Laurier (Laurier / Dubuc),45.533610547532355,-73.47374618053436,True,15,1,1,19
Dollard / Van Horne,45.51887607468706,-73.6161071062088,True,10,1,1,19
Villeneuve / St-Laurent,45.521269382097486,-73.58956933021545,True,3,1,1,23
Ste-Catherine / St-Denis,45.51380534702895,-73.56045931577681,True,10,1,1,15
Villeneuve / du Parc,45.51801230878908,-73.59256982808802,True,0,1,1,15
Émile-Duployé / Sherbrooke,45.5278406266837,-73.56588721280787,True,7,1,1,23
Parc Olympique (Pie-IX / Sherbrooke),45.554824549823,-73.55370283126831,True,0,1,1,25
Crescent / de Maisonneuve N/E,45.49812041247333,-73.57759594917297,True,4,1,1,23
St-Dominique / du Mont-Royal,45.52055948154798,-73.58582027256489,True,0,1,1,23
Hôpital Pierre-Boucher (Jacques-Cartier / Bourdon),45.536532102952236,-73.4576690196991,True,14,1,1,19
de la Montagne / Sherbrooke,45.500015468871446,-73.57938900589943,True,9,1,1,19
Chambord / St-Joseph,45.53206384071709,-73.58226299285889,True,6,1,1,19
Parc Plage,45.50263299287665,-73.52748987080304,True,1,1,1,19
Plymouth / Chem.Eden,45.506488823782234,-73.66047888994217,True,4,1,1,15
Parc Maisonneuve (Viau / Sherbrooke),45.56493679334249,-73.5555911064148,True,1,1,1,23
Chambord / Beaubien,45.539900246044354,-73.59936207532883,True,2,1,1,23
Duke / Nazareth,45.49572236030835,-73.55461344122887,True,2,1,1,15
Wolfe / de la Gauchetière,45.51625372636654,-73.55291748050148,True,14,1,1,15
McGill / Wellington,45.499447710650415,-73.55489909648894,True,4,1,1,31
Masson / Molson,45.54434593245247,-73.57697686180472,True,12,1,1,19
Parc Molson (d'Iberville / Beaubien),45.54902230455398,-73.59198164194822,True,6,1,1,19
de Bellechasse / de Lanaudière,45.539306918976,-73.59521873295307,True,7,1,1,19
Ellendale / de la Côte-des-Neiges,45.49966955063677,-73.62923383712769,True,4,1,1,31
Lincoln / du Fort,45.4930266623113,-73.58389592183812,True,13,1,1,15
St-Sylvestre / St-Charles S/E,45.53638893500808,-73.51245582103729,True,11,1,1,23
Palm / St-Rémi,45.47031892425747,-73.5898107290268,True,19,1,1,27
Jean-Talon / de l'Épée,45.52748661935468,-73.62406253814697,True,1,1,1,15
Gare LaSalle (Highlands),45.425612687757926,-73.65713578464238,True,5,1,1,19
Métro St-Michel (Shaughnessy / St-Michel),45.55907613768983,-73.59948813915253,True,5,1,1,15
St-Hubert / René-Levesque,45.514369201445305,-73.55648696422577,True,10,1,1,19
Durocher / Beaumont,45.52799772330074,-73.61919969320297,True,4,1,1,11
de l'hôtel de Ville / Viger N/E,45.509556992257025,-73.55740696191788,True,6,1,1,19
